possessionTeam,specialTeamsPlayType,specialTeamsResult,gameId,playId,quarter,down,yardsToGo,kickerId,kickBlockerId,yardlineNumber,penaltyYards,preSnapHomeScore,preSnapVisitorScore,kickLength,kickReturnYardage,playResult,absoluteYardlineNumber
ARI,Extra Point,Kick Attempt Good,199913592206,216796,246,0,0,4039745.0,0.0,1490,5.0,1297,1372,0.0,0.0,0,4990
ARI,Extra Point,Kick Attempt No Good,6057326729,4081,5,0,0,135111.0,0.0,45,0.0,22,33,0.0,0.0,0,145
ARI,Field Goal,Blocked Kick Attempt,4040132527,6545,7,8,24,74911.0,89483.0,45,0.0,25,27,0.0,0.0,-59,127
ARI,Field Goal,Kick Attempt Good,121156388532,132800,148,231,446,2505357.0,0.0,1049,0.0,557,710,2131.0,0.0,0,3563
ARI,Field Goal,Kick Attempt No Good,26249364708,33434,36,47,88,521950.0,0.0,384,0.0,161,198,618.0,0.0,-104,834
ARI,Kickoff,Muffed,2020101105,532,1,0,0,45037.0,0.0,35,0.0,0,7,57.0,4.0,53,45
ARI,Kickoff,Out of Bounds,8076423818,5536,7,0,0,158971.0,0.0,140,0.0,41,38,64.0,0.0,57,270
ARI,Kickoff,Return,216065310237,229939,269,0,0,4165766.0,0.0,3710,56.0,1252,1499,6707.0,2171.0,4586,6620
ARI,Kickoff,Touchback,224130838516,209877,257,0,0,4660392.0,0.0,3890,0.0,1144,1246,8034.0,0.0,4435,6640
ARI,Punt,Blocked Punt,2019102006,1364,2,4,20,29141.0,38852.0,4,0.0,7,17,0.0,0.0,-4,14
ARI,Punt,Downed,54513675892,58581,68,108,297,820352.0,0.0,1008,8.0,213,362,1152.0,0.0,1160,1620
ARI,Punt,Fair Catch,111048925890,100553,122,220,449,1602755.0,0.0,1915,-26.0,550,526,2427.0,0.0,2401,3351
ARI,Punt,Muffed,12111628946,10525,12,24,59,174846.0,0.0,205,0.0,23,50,254.0,0.0,246,315
ARI,Punt,Non-Special Teams Result,8076476138,13028,15,16,22,0.0,0.0,135,0.0,68,83,0.0,0.0,81,227
ARI,Punt,Out of Bounds,30281635292,27706,34,60,142,437115.0,0.0,480,0.0,158,159,579.0,0.0,579,1020
ARI,Punt,Return,187758708135,186981,227,372,979,2780709.0,0.0,2323,117.0,1049,955,4814.0,890.0,4041,5581
ARI,Punt,Touchback,34324637243,35824,40,68,191,513046.0,0.0,712,10.0,186,170,874.0,0.0,544,992
ATL,Extra Point,Kick Attempt Good,193822232110,202102,243,0,0,3454548.0,0.0,1440,0.0,1468,1093,0.0,0.0,0,5830
ATL,Extra Point,Kick Attempt No Good,16154813012,20738,24,0,0,311000.0,0.0,125,0.0,136,120,0.0,0.0,0,405
ATL,Field Goal,Kick Attempt Good,173652147196,181072,208,321,729,3370178.0,0.0,1687,0.0,935,971,3241.0,0.0,0,5405
ATL,Field Goal,Kick Attempt No Good,22211174832,19343,23,44,96,390426.0,0.0,301,0.0,83,104,498.0,0.0,-87,683
ATL,Kickoff,Kickoff Team Recovery,6058316904,12903,12,0,0,136728.0,0.0,100,0.0,58,90,34.0,0.0,34,230
ATL,Kickoff,Muffed,4039225702,3592,4,0,0,98212.0,0.0,70,0.0,22,10,118.0,12.0,103,150
ATL,Kickoff,Out of Bounds,10096498604,16048,17,0,0,222716.0,0.0,175,0.0,103,109,97.0,0.0,97,285
ATL,Kickoff,Return,224125695779,227562,274,0,0,4646975.0,0.0,3870,24.0,1431,1319,6699.0,2427.0,4310,6630
ATL,Kickoff,Touchback,284692802645,294309,363,0,0,6044514.0,0.0,4950,12.0,1947,1696,10046.0,0.0,5637,8310
ATL,Punt,Blocked Punt,6055283811,5614,7,12,24,111801.0,126845.0,99,0.0,41,26,0.0,0.0,-44,175
ATL,Punt,Downed,30284664037,32260,39,60,140,636331.0,0.0,520,3.0,220,146,569.0,0.0,572,910
ATL,Punt,Fair Catch,107006688759,109004,127,212,481,2245644.0,0.0,1719,2.0,607,530,2199.0,0.0,2201,3321
ATL,Punt,Muffed,10091556018,12004,14,20,44,191975.0,0.0,161,7.0,94,37,216.0,7.0,213,319
ATL,Punt,Non-Special Teams Result,2020091300,2898,3,4,2,0.0,0.0,33,0.0,12,21,0.0,0.0,3,43
ATL,Punt,Out of Bounds,26249365436,19519,25,52,126,571603.0,0.0,448,-15.0,130,83,500.0,0.0,485,850
ATL,Punt,Return,133264062963,133391,160,264,758,2910457.0,0.0,1830,12.0,766,679,3145.0,445.0,2712,3724
ATL,Punt,Touchback,16151911829,13140,16,32,51,338384.0,0.0,347,-10.0,81,53,393.0,0.0,223,517
BAL,Extra Point,Blocked Kick Attempt,2020121400,3095,3,0,0,39470.0,45007.0,15,0.0,20,34,0.0,0.0,0,95
BAL,Extra Point,Kick Attempt Good,268555863218,259506,319,0,0,5249510.0,0.0,1995,20.0,1706,1776,0.0,0.0,0,7385
BAL,Extra Point,Kick Attempt No Good,6056333612,8352,9,0,0,118410.0,0.0,45,0.0,66,44,0.0,0.0,0,215
BAL,Field Goal,Blocked Kick Attempt,4036193004,3793,4,7,17,78940.0,89460.0,55,10.0,23,17,0.0,0.0,-3,75
BAL,Field Goal,Kick Attempt Good,175652272052,197505,228,335,594,3433890.0,0.0,1660,0.0,977,948,3231.0,0.0,0,4904
BAL,Field Goal,Kick Attempt No Good,10097577808,7894,9,14,44,197350.0,0.0,172,0.0,53,16,262.0,0.0,-7,294
BAL,Field Goal,Non-Special Teams Result,2019111700,791,1,4,4,0.0,0.0,37,0.0,0,0,0.0,0.0,-2,73
BAL,Kickoff,Fair Catch,2019092204,4363,4,0,0,39470.0,0.0,35,0.0,33,28,29.0,0.0,29,45
BAL,Kickoff,Muffed,2018091300,2768,2,0,0,39470.0,0.0,35,0.0,28,14,37.0,11.0,26,75
BAL,Kickoff,Out of Bounds,2018102801,4058,4,0,0,39470.0,0.0,35,0.0,36,21,25.0,0.0,25,45
BAL,Kickoff,Return,222101820181,184626,235,0,0,4341700.0,0.0,3860,73.0,1286,1060,6719.0,2398.0,4394,6370
BAL,Kickoff,Touchback,363450751196,369763,458,0,0,7104600.0,0.0,6305,-25.0,2206,2451,13118.0,0.0,7170,11245
BAL,Punt,Blocked Punt,4037213501,3281,5,8,21,62036.0,90425.0,41,0.0,35,7,0.0,0.0,-35,105
BAL,Punt,Downed,34322845045,30661,39,68,156,527306.0,0.0,694,4.0,204,133,759.0,0.0,763,1000
BAL,Punt,Fair Catch,80774286429,84828,104,160,375,1240720.0,0.0,1567,-16.0,411,436,1676.0,0.0,1660,2321
BAL,Punt,Muffed,4037182103,1531,3,8,11,62036.0,0.0,59,0.0,3,28,116.0,16.0,100,111
BAL,Punt,Non-Special Teams Result,6056333903,6023,8,12,9,0.0,0.0,87,0.0,25,52,0.0,0.0,83,243
BAL,Punt,Out of Bounds,42402279584,49823,58,84,162,651378.0,0.0,650,10.0,259,266,895.0,0.0,905,1240
BAL,Punt,Return,127194624959,142210,166,252,609,1984582.0,0.0,1858,4.0,824,688,3120.0,550.0,2574,3552
BAL,Punt,Touchback,18168911429,18574,22,36,84,279162.0,0.0,408,0.0,106,74,434.0,0.0,254,534
BUF,Extra Point,Blocked Kick Attempt,2019102701,2674,3,0,0,33469.0,44826.0,15,0.0,13,17,0.0,0.0,0,25
BUF,Extra Point,Kick Attempt Good,208005412964,218449,266,0,0,4441911.0,0.0,1550,-15.0,1400,1368,0.0,0.0,0,6430
BUF,Extra Point,Kick Attempt No Good,8077454732,8005,10,0,0,172130.0,0.0,60,0.0,39,49,0.0,0.0,0,170
BUF,Extra Point,Non-Special Teams Result,2018122308,4184,4,0,0,0.0,0.0,15,0.0,24,12,0.0,0.0,0,95
BUF,Field Goal,Blocked Kick Attempt,2018120900,2392,2,4,11,33469.0,42436.0,31,0.0,17,13,0.0,0.0,14,79
BUF,Field Goal,Kick Attempt Good,131243044101,145576,166,257,513,2596279.0,0.0,1313,0.0,589,620,2488.0,0.0,0,3617
BUF,Field Goal,Kick Attempt No Good,30288587133,34115,36,52,121,616797.0,0.0,437,0.0,203,109,710.0,0.0,-123,947
BUF,Field Goal,Non-Special Teams Result,2018100700,1558,2,4,7,0.0,0.0,12,0.0,7,3,0.0,0.0,0,98
BUF,Kickoff,Muffed,2018122308,2454,3,0,0,33469.0,0.0,35,0.0,14,6,66.0,11.0,53,75
BUF,Kickoff,Return,195848713978,177488,226,0,0,3833737.0,0.0,3380,88.0,995,1036,5625.0,1971.0,3742,6120
BUF,Kickoff,Touchback,286761273275,298077,368,0,0,6091488.0,0.0,4950,-5.0,1760,1715,10377.0,0.0,5695,8350
BUF,Punt,Blocked Punt,4037194305,1988,3,8,23,93806.0,89850.0,80,0.0,7,6,0.0,0.0,-59,134
BUF,Punt,Downed,62581381912,60464,73,124,275,1421299.0,0.0,1063,15.0,209,326,1355.0,0.0,1370,1891
BUF,Punt,Fair Catch,94886117625,102773,121,188,352,2159833.0,0.0,1730,0.0,446,428,1927.0,0.0,1927,2722
BUF,Punt,Muffed,14133647223,12780,15,28,65,324165.0,0.0,177,-5.0,89,60,370.0,12.0,347,305
BUF,Punt,Non-Special Teams Result,6056324806,3813,5,12,19,0.0,0.0,121,0.0,29,10,0.0,0.0,3,187
BUF,Punt,Out of Bounds,56537775492,69961,77,112,266,1297214.0,0.0,952,0.0,303,370,1030.0,0.0,1026,1556
BUF,Punt,Return,123148448360,118054,146,244,588,2796249.0,0.0,1636,30.0,619,534,2884.0,580.0,2331,3786
BUF,Punt,Touchback,42402101773,44133,53,84,201,968893.0,0.0,882,0.0,203,249,1086.0,0.0,666,1238
CAR,Extra Point,Blocked Kick Attempt,4039203011,5040,6,0,0,96674.0,91259.0,30,15.0,37,29,0.0,0.0,0,190
CAR,Extra Point,Kick Attempt Good,189792981843,175745,219,0,0,4126891.0,0.0,1415,10.0,1304,1153,0.0,0.0,0,5715
CAR,Extra Point,Kick Attempt No Good,16149886446,17237,20,0,0,340390.0,0.0,120,0.0,126,101,0.0,0.0,0,550
CAR,Extra Point,Non-Special Teams Result,2018090910,2976,4,0,0,0.0,0.0,15,0.0,16,0,0.0,0.0,0,25
CAR,Field Goal,Blocked Kick Attempt,4039213505,4609,5,8,27,96674.0,85656.0,48,0.0,31,35,0.0,0.0,-20,68
CAR,Field Goal,Kick Attempt Good,121148338979,139454,161,232,433,2695160.0,0.0,1218,0.0,725,732,2299.0,0.0,0,3910
CAR,Field Goal,Kick Attempt No Good,26252378930,44272,45,50,117,601911.0,0.0,402,0.0,290,266,636.0,0.0,-106,838
CAR,Kickoff,Downed,2020110804,3603,4,0,0,48337.0,0.0,35,-5.0,26,24,9.0,0.0,4,45
CAR,Kickoff,Kickoff Team Recovery,2019120101,4146,4,0,0,42098.0,0.0,35,0.0,21,29,13.0,0.0,13,75
CAR,Kickoff,Muffed,2019092208,2653,3,0,0,48337.0,0.0,35,0.0,17,21,66.0,19.0,44,75
CAR,Kickoff,Return,66622546905,80939,96,0,0,1365072.0,0.0,1170,5.0,616,427,1688.0,577.0,1092,1980
CAR,Kickoff,Touchback,395758704974,355964,464,0,0,8779429.0,0.0,6870,0.0,2366,2226,14417.0,0.0,7830,11820
CAR,Punt,Downed,38361081563,41310,50,76,211,855102.0,0.0,638,-15.0,251,201,817.0,0.0,802,1178
CAR,Punt,Fair Catch,102966490430,90351,122,204,474,2312718.0,0.0,1870,3.0,601,494,2118.0,0.0,2121,3168
CAR,Punt,Muffed,18172974227,18894,23,36,100,412026.0,0.0,261,0.0,68,120,446.0,0.0,463,475
CAR,Punt,Non-Special Teams Result,10098557713,12046,14,20,35,0.0,0.0,199,0.0,75,68,0.0,0.0,68,315
CAR,Punt,Out of Bounds,26247473223,30262,35,52,110,569370.0,0.0,512,4.0,154,225,491.0,0.0,495,778
CAR,Punt,Return,137297086330,130665,164,272,726,3028384.0,0.0,1837,25.0,855,701,3396.0,838.0,2584,4065
CAR,Punt,Touchback,20190044649,14800,20,40,65,454124.0,0.0,449,5.0,74,80,495.0,0.0,300,593
CHI,Extra Point,Blocked Kick Attempt,2020120601,602,1,0,0,41991.0,43775.0,15,0.0,9,0,0.0,0.0,0,95
CHI,Extra Point,Kick Attempt Good,195844359728,216680,251,0,0,4171579.0,0.0,1460,20.0,1369,1151,0.0,0.0,0,5650
CHI,Extra Point,Kick Attempt No Good,10092568607,8389,11,0,0,217916.0,0.0,90,0.0,57,26,0.0,0.0,0,390
CHI,Field Goal,Kick Attempt Good,141344267901,153621,178,271,434,3021101.0,0.0,1193,0.0,722,645,2453.0,0.0,0,4247
CHI,Field Goal,Kick Attempt No Good,26243356045,26587,32,50,106,561502.0,0.0,316,0.0,138,112,551.0,0.0,-105,936
CHI,Kickoff,Kickoff Team Recovery,4037222216,8864,8,0,0,88114.0,0.0,70,0.0,45,56,21.0,0.0,20,150
CHI,Kickoff,Out of Bounds,8075416713,5969,7,0,0,180966.0,0.0,140,0.0,31,36,83.0,0.0,79,300
CHI,Kickoff,Return,187802845466,193544,234,0,0,3993212.0,0.0,3240,15.0,1147,949,5588.0,2053.0,3542,5400
CHI,Kickoff,Touchback,278614646282,270873,338,0,0,5882512.0,0.0,4835,0.0,1588,1438,9964.0,0.0,5515,8575
CHI,Punt,Blocked Punt,4037204111,3219,4,8,11,82840.0,84933.0,72,0.0,24,24,0.0,0.0,-72,148
CHI,Punt,Downed,68645755921,74712,87,136,342,1408280.0,0.0,1208,-15.0,375,263,1439.0,0.0,1415,2110
CHI,Punt,Fair Catch,131242975628,138333,169,260,504,2692300.0,0.0,2363,15.0,683,523,2673.0,0.0,2688,3799
CHI,Punt,Muffed,6055334010,9919,10,12,18,124260.0,0.0,103,0.0,60,49,147.0,0.0,141,209
CHI,Punt,Non-Special Teams Result,4038232409,3765,5,8,8,0.0,0.0,85,0.0,17,6,0.0,0.0,10,107
CHI,Punt,Out of Bounds,16152870118,15389,18,32,69,331360.0,0.0,226,-10.0,88,37,274.0,0.0,264,428
CHI,Punt,Return,141343440169,138551,166,280,635,2899400.0,0.0,1776,5.0,640,584,3456.0,662.0,2793,3984
CHI,Punt,Touchback,28265512941,28257,35,56,136,579880.0,0.0,610,0.0,140,90,732.0,0.0,452,780
CIN,Extra Point,Kick Attempt Good,171613965306,179548,210,0,0,3344307.0,0.0,1280,0.0,1210,1135,0.0,0.0,0,5550
CIN,Extra Point,Kick Attempt No Good,8075450416,7839,9,0,0,154764.0,0.0,60,0.0,67,54,0.0,0.0,0,100
CIN,Field Goal,Kick Attempt Good,143363652136,173951,195,276,586,2793371.0,0.0,1389,-15.0,1014,810,2671.0,0.0,0,3899
CIN,Field Goal,Kick Attempt No Good,26253401156,29951,34,49,113,521507.0,0.0,395,0.0,161,152,631.0,0.0,-106,755
CIN,Kickoff,Fair Catch,2018112503,2055,2,0,0,38691.0,0.0,35,0.0,7,28,37.0,0.0,37,45
CIN,Kickoff,Kickoff Team Recovery,2019122208,4739,4,0,0,38691.0,0.0,35,0.0,35,27,11.0,0.0,11,75
CIN,Kickoff,Out of Bounds,6057296810,6424,7,0,0,116073.0,0.0,105,0.0,50,26,75.0,0.0,75,195
CIN,Kickoff,Return,143341863527,145831,177,0,0,2793371.0,0.0,2470,62.0,959,849,4201.0,1482.0,2781,4320
CIN,Kickoff,Touchback,296821300619,287355,352,0,0,5807983.0,0.0,5150,-15.0,1923,1607,10616.0,0.0,5860,8750
CIN,Punt,Blocked Punt,2018093000,2260,3,4,16,34593.0,38704.0,19,0.0,24,28,0.0,0.0,-11,29
CIN,Punt,Downed,66633283177,69539,84,132,328,1141569.0,0.0,1048,-40.0,403,294,1400.0,0.0,1360,2056
CIN,Punt,Fair Catch,125178542402,128254,157,248,579,2144766.0,0.0,2135,9.0,791,601,2568.0,0.0,2577,3457
CIN,Punt,Muffed,2020120603,2737,3,4,20,34593.0,0.0,15,-15.0,16,7,52.0,0.0,32,95
CIN,Punt,Non-Special Teams Result,8076448817,8204,10,16,29,0.0,0.0,144,0.0,53,20,0.0,0.0,41,256
CIN,Punt,Out of Bounds,22212147039,24900,28,44,76,380523.0,0.0,409,0.0,148,135,475.0,0.0,475,593
CIN,Punt,Return,159508470759,156554,190,316,854,2732847.0,0.0,2130,137.0,831,702,3830.0,501.0,3466,4552
CIN,Punt,Touchback,28272385360,21829,30,56,120,484302.0,0.0,583,0.0,110,85,797.0,0.0,517,813
CLE,Extra Point,Kick Attempt Good,187790839531,196583,240,0,0,4181155.0,0.0,1410,0.0,1364,1277,0.0,0.0,0,5530
CLE,Extra Point,Kick Attempt No Good,32304738053,33055,40,0,0,731080.0,0.0,265,0.0,224,187,0.0,0.0,0,1105
CLE,Extra Point,Non-Special Teams Result,2020100403,4451,4,0,0,0.0,0.0,15,5.0,38,47,0.0,0.0,0,95
CLE,Field Goal,Blocked Kick Attempt,4038203103,8410,9,7,26,86725.0,89668.0,54,0.0,33,28,0.0,0.0,-16,166
CLE,Field Goal,Kick Attempt Good,115091043379,120490,142,226,426,2596531.0,0.0,1051,0.0,620,533,2082.0,0.0,0,3719
CLE,Field Goal,Kick Attempt No Good,24227289232,32831,36,42,99,553117.0,0.0,323,0.0,167,115,541.0,0.0,-98,625
CLE,Kickoff,Kickoff Team Recovery,2018102807,2686,3,0,0,34723.0,0.0,20,0.0,16,6,56.0,0.0,56,30
CLE,Kickoff,Out of Bounds,8076398815,9343,10,0,0,184414.0,0.0,140,0.0,65,40,86.0,0.0,86,270
CLE,Kickoff,Return,220097755811,203056,260,0,0,4968797.0,0.0,3800,79.0,1347,1214,6746.0,2486.0,4337,6240
CLE,Kickoff,Touchback,252381982695,262103,326,0,0,5648157.0,0.0,4380,0.0,1710,1627,9030.0,0.0,4995,7640
CLE,Punt,Blocked Punt,6055334010,7416,9,12,22,117585.0,130285.0,97,0.0,61,47,0.0,0.0,-33,207
CLE,Punt,Downed,50470589886,47033,57,100,331,1055713.0,0.0,869,8.0,262,237,1147.0,0.0,1155,1655
CLE,Punt,Fair Catch,109025652773,100296,122,216,415,2304354.0,0.0,1892,22.0,523,509,2198.0,0.0,2220,3102
CLE,Punt,Muffed,4036193402,2275,3,8,18,69446.0,0.0,71,0.0,3,7,32.0,0.0,26,91
CLE,Punt,Non-Special Teams Result,2020091301,478,1,4,4,0.0,0.0,31,0.0,7,0,0.0,0.0,-5,41
CLE,Punt,Out of Bounds,34321635068,44542,51,68,143,724451.0,0.0,592,6.0,226,180,661.0,0.0,667,974
CLE,Punt,Return,149401739932,153899,186,296,733,3106142.0,0.0,1964,86.0,836,691,3669.0,728.0,3029,4050
CLE,Punt,Touchback,28264537746,30028,38,56,97,593450.0,0.0,610,-10.0,174,90,730.0,0.0,440,836
DAL,Extra Point,Blocked Kick Attempt,2020092712,2011,2,0,0,38701.0,46215.0,15,0.0,16,15,0.0,0.0,0,25
DAL,Extra Point,Kick Attempt Good,205946020479,237913,268,0,0,4077983.0,0.0,1535,15.0,1708,1335,0.0,0.0,0,6395
DAL,Extra Point,Kick Attempt No Good,4038204512,3632,5,0,0,79476.0,0.0,30,0.0,18,21,0.0,0.0,0,120
DAL,Field Goal,Blocked Kick Attempt,4037234406,2435,3,5,14,81550.0,81991.0,47,0.0,7,13,0.0,0.0,-34,173
DAL,Field Goal,Kick Attempt Good,173648923246,176675,208,333,654,3421435.0,0.0,1720,0.0,1075,719,3269.0,0.0,0,5272
DAL,Field Goal,Kick Attempt No Good,38363091617,42841,49,74,211,762281.0,0.0,565,0.0,203,187,908.0,0.0,-153,1191
DAL,Kickoff,Kickoff Team Recovery,2020092001,4980,4,0,0,38701.0,0.0,35,0.0,37,39,11.0,0.0,11,75
DAL,Kickoff,Muffed,2018111800,2017,3,0,0,40775.0,0.0,35,0.0,6,6,56.0,4.0,47,45
DAL,Kickoff,Out of Bounds,6057363522,7296,9,0,0,117215.0,0.0,105,0.0,68,29,75.0,0.0,75,165
DAL,Kickoff,Return,185766728479,191609,229,0,0,3672624.0,0.0,3145,49.0,1243,1176,5454.0,2059.0,3444,5235
DAL,Kickoff,Touchback,308927153579,298085,366,0,0,6090328.0,0.0,5355,-5.0,2143,1454,11115.0,0.0,6115,9285
DAL,Punt,Blocked Punt,2019112409,781,1,4,12,38138.0,33234.0,30,0.0,0,0,0.0,0.0,-18,40
DAL,Punt,Downed,34315881330,24803,35,68,131,648346.0,0.0,512,0.0,142,82,689.0,0.0,689,1052
DAL,Punt,Fair Catch,111063556549,102586,130,220,515,2238797.0,0.0,1931,7.0,638,469,2230.0,0.0,2237,3206
DAL,Punt,Muffed,10095538813,13012,16,20,53,190690.0,0.0,126,0.0,101,39,238.0,9.0,228,350
DAL,Punt,Non-Special Teams Result,8078425823,8957,11,16,38,0.0,0.0,95,0.0,37,46,0.0,0.0,-9,229
DAL,Punt,Out of Bounds,16151853064,17758,20,32,55,305104.0,0.0,234,0.0,120,81,321.0,0.0,321,478
DAL,Punt,Return,109017500006,104001,134,216,496,2149311.0,0.0,1398,10.0,614,350,2536.0,499.0,2055,3544
DAL,Punt,Touchback,14135651456,18669,22,28,72,292640.0,0.0,318,10.0,72,85,372.0,0.0,242,446
DEN,Extra Point,Kick Attempt Good,159504385118,171338,198,0,0,3182640.0,0.0,1180,15.0,909,1145,0.0,0.0,0,4360
DEN,Extra Point,Kick Attempt No Good,10099559211,9790,12,0,0,202216.0,0.0,75,0.0,56,89,0.0,0.0,0,265
DEN,Field Goal,Blocked Kick Attempt,4042020622,7081,6,3,15,80552.0,95778.0,93,0.0,41,49,0.0,0.0,14,113
DEN,Field Goal,Kick Attempt Good,145388445806,146025,179,280,543,2899872.0,0.0,1504,15.0,601,608,2808.0,0.0,0,4398
DEN,Field Goal,Kick Attempt No Good,22213128663,23014,27,40,116,443872.0,0.0,388,0.0,120,74,587.0,0.0,-89,546
DEN,Kickoff,Out of Bounds,2018101409,4249,4,0,0,40276.0,0.0,35,0.0,20,23,9.0,0.0,9,75
DEN,Kickoff,Return,139315479657,130511,163,0,0,2782062.0,0.0,2410,51.0,692,801,3955.0,1609.0,2396,4190
DEN,Kickoff,Touchback,296831151723,296727,374,0,0,5920572.0,0.0,5150,-5.0,1496,1726,10820.0,0.0,5870,8530
DEN,Punt,Blocked Punt,2020092711,229,1,4,4,40113.0,45063.0,43,0.0,0,0,0.0,0.0,-33,67
DEN,Punt,Downed,40379160234,35072,46,80,178,875609.0,0.0,654,-1.0,133,184,866.0,0.0,865,1280
DEN,Punt,Fair Catch,94892160922,94688,119,188,349,2071247.0,0.0,1757,-16.0,397,483,1897.0,0.0,1881,2569
DEN,Punt,Muffed,22207268562,21674,28,44,86,499973.0,0.0,315,17.0,79,121,504.0,5.0,505,507
DEN,Punt,Non-Special Teams Result,6057305515,5786,8,12,20,0.0,0.0,104,0.0,36,24,0.0,0.0,-7,210
DEN,Punt,Out of Bounds,70670609079,73908,91,140,312,1518415.0,0.0,1069,-5.0,368,365,1414.0,0.0,1409,2137
DEN,Punt,Return,159509398322,143094,178,316,730,3439958.0,0.0,2048,93.0,709,731,3981.0,884.0,3190,4384
DEN,Punt,Touchback,32301779021,23206,30,64,119,705411.0,0.0,693,0.0,98,53,827.0,0.0,507,1041
DET,Extra Point,Kick Attempt Good,199899318969,197690,239,0,0,3113154.0,0.0,1495,25.0,1254,1250,0.0,0.0,0,5915
DET,Extra Point,Kick Attempt No Good,8080344412,4015,5,0,0,125784.0,0.0,60,0.0,42,28,0.0,0.0,0,240
DET,Extra Point,Non-Special Teams Result,2018121602,1020,2,0,0,0.0,0.0,15,0.0,0,6,0.0,0.0,0,25
DET,Field Goal,Blocked Kick Attempt,2019092207,3966,4,4,10,31446.0,34465.0,28,10.0,24,27,0.0,0.0,-22,38
DET,Field Goal,Kick Attempt Good,131234716891,143304,171,254,497,2043990.0,0.0,1161,0.0,691,718,2337.0,0.0,0,3399
DET,Field Goal,Kick Attempt No Good,26249359334,27305,32,47,114,408798.0,0.0,392,0.0,154,133,627.0,0.0,-105,832
DET,Field Goal,Non-Special Teams Result,2018123002,1229,2,4,3,0.0,0.0,8,0.0,0,7,0.0,0.0,8,102
DET,Kickoff,Downed,2018120202,2771,3,0,0,40113.0,0.0,35,-5.0,6,13,8.0,0.0,3,45
DET,Kickoff,Kickoff Team Recovery,4037223900,4402,5,0,0,71559.0,0.0,70,0.0,48,23,29.0,0.0,43,120
DET,Kickoff,Muffed,10091559733,9384,13,0,0,183231.0,0.0,175,0.0,35,51,301.0,149.0,134,345
DET,Kickoff,Out of Bounds,6059335303,6369,8,0,0,136629.0,0.0,105,0.0,38,57,60.0,0.0,60,165
DET,Kickoff,Return,274614130518,258071,323,0,0,5582871.0,0.0,4765,147.0,1624,1498,8213.0,2971.0,5383,7855
DET,Kickoff,Touchback,177673077055,162819,209,0,0,3528693.0,0.0,3095,0.0,986,1083,6308.0,0.0,3505,5565
DET,Punt,Downed,74705029936,76898,89,148,332,1573776.0,0.0,1427,-30.0,413,444,1599.0,0.0,1569,2067
DET,Punt,Fair Catch,111042055896,105417,126,220,457,2328390.0,0.0,1922,0.0,565,481,2403.0,0.0,2403,3142
DET,Punt,Muffed,6056344406,4277,6,12,39,120339.0,0.0,109,10.0,27,24,169.0,8.0,171,217
DET,Punt,Non-Special Teams Result,4038232409,6040,8,8,8,0.0,0.0,65,0.0,49,24,0.0,0.0,10,155
DET,Punt,Out of Bounds,22211121146,20286,27,44,124,473823.0,0.0,374,0.0,110,111,472.0,0.0,472,606
DET,Punt,Return,149407954269,156275,188,296,682,3131262.0,0.0,2103,87.0,755,849,3610.0,573.0,3123,4277
DET,Punt,Touchback,34326845654,30143,39,68,127,730791.0,0.0,734,0.0,140,205,894.0,0.0,554,962
GB,Extra Point,Kick Attempt Good,250395818151,224042,288,0,0,4015864.0,0.0,1860,0.0,1723,1550,0.0,0.0,0,7720
GB,Extra Point,Kick Attempt No Good,12115650028,11675,15,0,0,194316.0,0.0,90,0.0,86,49,0.0,0.0,0,430
GB,Field Goal,Kick Attempt Good,127189685575,151813,175,238,551,2040318.0,0.0,1297,0.0,921,686,2431.0,0.0,0,3713
GB,Field Goal,Kick Attempt No Good,16146821025,18982,21,30,75,259088.0,0.0,228,0.0,145,75,372.0,0.0,-64,520
GB,Field Goal,Non-Special Teams Result,2018092309,2100,2,1,10,0.0,0.0,43,0.0,28,10,0.0,0.0,0,67
GB,Kickoff,Muffed,4037231906,3689,5,0,0,64772.0,0.0,70,0.0,31,17,131.0,11.0,114,120
GB,Kickoff,Out of Bounds,4040102902,1412,3,0,0,64772.0,0.0,70,0.0,13,7,50.0,0.0,50,120
GB,Kickoff,Return,230182322954,207077,266,0,0,3858264.0,0.0,3970,12.0,1620,1359,6999.0,2747.0,4239,6860
GB,Kickoff,Touchback,284706511060,269885,351,0,0,4621846.0,0.0,4950,-5.0,1824,1626,10179.0,0.0,5620,8460
GB,Punt,Blocked Punt,4038213606,5375,7,8,13,92482.0,85845.0,58,-10.0,24,37,0.0,0.0,-8,78
GB,Punt,Downed,52492878804,52909,62,104,244,1202266.0,0.0,868,0.0,316,262,1077.0,0.0,1077,1550
GB,Punt,Fair Catch,123150404761,117995,148,244,578,2820701.0,0.0,2099,-11.0,731,600,2677.0,0.0,2666,3543
GB,Punt,Muffed,8076425925,10864,13,16,40,184964.0,0.0,124,10.0,100,53,174.0,73.0,111,282
GB,Punt,Non-Special Teams Result,2018111103,3270,4,4,3,0.0,0.0,49,0.0,28,12,0.0,0.0,26,59
GB,Punt,Out of Bounds,50482665555,52418,64,100,261,1156025.0,0.0,860,10.0,368,272,918.0,0.0,928,1338
GB,Punt,Return,117105214213,123159,149,232,680,2681978.0,0.0,1408,57.0,753,603,2828.0,638.0,2247,3714
GB,Punt,Touchback,30279625549,34492,41,60,135,693615.0,0.0,675,-10.0,216,177,769.0,0.0,459,901
HOU,Extra Point,Blocked Kick Attempt,2019110300,1291,2,0,0,43846.0,40217.0,15,0.0,0,9,0.0,0.0,0,95
HOU,Extra Point,Kick Attempt Good,218060472845,246242,288,0,0,4735368.0,0.0,1625,25.0,1671,1639,0.0,0.0,0,6555
HOU,Extra Point,Kick Attempt No Good,14134638952,13509,18,0,0,306922.0,0.0,105,0.0,93,115,0.0,0.0,0,455
HOU,Field Goal,Downed,2020111501,1451,2,4,13,43846.0,0.0,30,0.0,3,0,26.0,0.0,26,40
HOU,Field Goal,Kick Attempt Good,163540317051,175807,207,313,678,3551526.0,0.0,1485,0.0,886,943,2952.0,0.0,0,4715
HOU,Field Goal,Kick Attempt No Good,26246351959,27561,30,47,91,569998.0,0.0,408,0.0,130,144,645.0,0.0,-107,718
HOU,Field Goal,Out of Bounds,2019122100,751,1,4,7,43846.0,0.0,36,0.0,0,10,26.0,0.0,26,46
HOU,Kickoff,Kickoff Team Recovery,4039223307,8116,8,0,0,87692.0,0.0,70,0.0,44,73,21.0,0.0,21,150
HOU,Kickoff,Muffed,14132742917,20941,23,0,0,306922.0,0.0,230,0.0,110,114,461.0,55.0,385,390
HOU,Kickoff,Return,199892663266,191223,242,0,0,4325016.0,0.0,3420,103.0,1259,1254,6128.0,2037.0,4192,5880
HOU,Kickoff,Touchback,304885364593,316788,390,0,0,6620746.0,0.0,5315,-10.0,2025,2077,10806.0,0.0,6000,9145
HOU,Punt,Downed,44416318188,45002,56,88,236,923090.0,0.0,857,1.0,214,209,921.0,0.0,922,1243
HOU,Punt,Fair Catch,117107186352,107047,137,232,395,2435840.0,0.0,2206,10.0,603,534,2406.0,0.0,2416,3442
HOU,Punt,Muffed,12109640218,10674,12,24,69,272650.0,0.0,155,0.0,61,30,261.0,0.0,267,339
HOU,Punt,Non-Special Teams Result,4040112317,5300,6,8,11,0.0,0.0,51,0.0,31,33,0.0,0.0,15,71
HOU,Punt,Out of Bounds,20188107438,20651,25,40,78,435260.0,0.0,346,0.0,122,113,377.0,0.0,377,550
HOU,Punt,Return,135272246179,133930,169,268,640,2857130.0,0.0,1917,82.0,655,711,3339.0,441.0,2988,3783
HOU,Punt,Touchback,24230261952,21686,28,48,84,504250.0,0.0,485,-5.0,101,118,641.0,0.0,396,719
IND,Extra Point,Blocked Kick Attempt,2019110306,1629,2,0,0,21213.0,37104.0,15,0.0,10,16,0.0,0.0,0,95
IND,Extra Point,Kick Attempt Good,236236540364,217947,270,0,0,4079267.0,0.0,1755,25.0,1657,1413,0.0,0.0,0,7055
IND,Extra Point,Kick Attempt No Good,18171932861,22333,27,0,0,253993.0,0.0,135,0.0,106,155,0.0,0.0,0,435
IND,Field Goal,Blocked Kick Attempt,4038240206,4478,5,8,22,42426.0,89553.0,63,0.0,24,24,0.0,0.0,-80,83
IND,Field Goal,Kick Attempt Good,149424640512,167565,192,272,469,2683815.0,0.0,1243,0.0,893,796,2575.0,0.0,0,4245
IND,Field Goal,Kick Attempt No Good,30289357489,35840,40,53,125,503160.0,0.0,426,0.0,266,214,696.0,0.0,-121,1018
IND,Kickoff,Return,197895225014,178211,225,0,0,4478180.0,0.0,3455,71.0,1211,1222,5858.0,2092.0,3794,6045
IND,Kickoff,Touchback,321033682735,312059,397,0,0,7278101.0,0.0,5605,-5.0,2169,1879,11448.0,0.0,6315,9525
IND,Punt,Blocked Punt,2020110103,504,1,4,11,45153.0,43400.0,46,0.0,0,0,0.0,0.0,-14,56
IND,Punt,Downed,52493842879,57047,67,104,307,1169262.0,0.0,1001,-11.0,380,289,1067.0,0.0,1056,1509
IND,Punt,Fair Catch,86814500232,93100,114,172,274,1941579.0,0.0,1655,0.0,575,501,1841.0,0.0,1841,2619
IND,Punt,Muffed,10091510938,9759,12,20,18,225765.0,0.0,138,10.0,65,57,209.0,0.0,220,412
IND,Punt,Out of Bounds,24229306484,22069,27,48,105,541836.0,0.0,377,10.0,102,142,498.0,0.0,508,763
IND,Punt,Return,129231802209,115271,144,256,622,2870928.0,0.0,1727,45.0,665,692,3127.0,431.0,2736,3807
IND,Punt,Touchback,22211118254,28873,34,44,82,491967.0,0.0,471,-10.0,99,121,583.0,0.0,353,645
JAX,Extra Point,Blocked Kick Attempt,2018111104,1392,2,0,0,43068.0,42031.0,15,0.0,21,13,0.0,0.0,0,95
JAX,Extra Point,Kick Attempt Good,127205436142,139422,164,0,0,2713255.0,0.0,950,35.0,999,778,0.0,0.0,0,3670
JAX,Extra Point,Kick Attempt No Good,8079426121,4909,8,0,0,177692.0,0.0,60,0.0,49,42,0.0,0.0,0,380
JAX,Field Goal,Kick Attempt Good,139311281926,141359,170,268,517,2980028.0,0.0,1282,0.0,689,569,2524.0,0.0,0,3484
JAX,Field Goal,Kick Attempt No Good,20194095526,23096,25,33,90,414626.0,0.0,285,0.0,134,120,465.0,0.0,-86,679
JAX,Field Goal,Non-Special Teams Result,4037221404,4736,6,8,18,0.0,0.0,61,0.0,32,25,0.0,0.0,-15,119
JAX,Kickoff,Downed,2019112408,3173,4,0,0,43068.0,0.0,35,0.0,35,17,5.0,0.0,5,75
JAX,Kickoff,Kickoff Team Recovery,2018100705,4021,4,0,0,43068.0,0.0,35,0.0,30,14,13.0,0.0,13,45
JAX,Kickoff,Muffed,4040211905,2274,3,0,0,90253.0,0.0,70,0.0,10,17,117.0,13.0,100,120
JAX,Kickoff,Out of Bounds,4040223117,4224,5,0,0,92632.0,0.0,70,0.0,22,23,50.0,0.0,50,120
JAX,Kickoff,Return,171629985325,170008,211,0,0,3807241.0,0.0,2960,10.0,1100,937,4696.0,1520.0,3186,4980
JAX,Kickoff,Touchback,242293487888,235810,304,0,0,5326486.0,0.0,4225,8.0,1422,1180,8685.0,0.0,4783,7245
JAX,Punt,Downed,66633520252,57347,74,132,282,1528428.0,0.0,1247,0.0,353,279,1513.0,0.0,1513,1995
JAX,Punt,Fair Catch,113068796797,114216,143,224,470,2544526.0,0.0,1698,-20.0,586,499,2516.0,0.0,2496,3182
JAX,Punt,Muffed,20186097748,15545,19,40,63,463160.0,0.0,300,0.0,80,63,516.0,-1.0,528,680
JAX,Punt,Non-Special Teams Result,6056335318,3980,6,12,11,0.0,0.0,132,0.0,17,31,0.0,0.0,16,198
JAX,Punt,Out of Bounds,60568152765,50152,68,120,270,1387101.0,0.0,1039,-13.0,274,237,1124.0,0.0,1111,1945
JAX,Punt,Return,147393690104,130963,168,292,766,3327140.0,0.0,2075,0.0,684,507,3583.0,487.0,3086,4283
JAX,Punt,Touchback,28265503670,24339,31,56,123,648424.0,0.0,600,10.0,98,99,724.0,0.0,454,908
KC,Extra Point,Blocked Kick Attempt,4038212222,3619,4,0,0,90092.0,93967.0,40,0.0,14,25,0.0,0.0,0,110
KC,Extra Point,Kick Attempt Good,288720063768,289708,347,0,0,6441578.0,0.0,2145,0.0,2196,1981,0.0,0.0,0,8125
KC,Extra Point,Kick Attempt No Good,22212159048,26796,31,0,0,495506.0,0.0,165,-15.0,164,201,0.0,0.0,0,555
KC,Extra Point,Non-Special Teams Result,2019121504,381,1,0,0,0.0,0.0,15,0.0,6,0,0.0,0.0,0,95
KC,Field Goal,Blocked Kick Attempt,2019111007,4301,4,3,5,45046.0,46846.0,34,0.0,35,32,0.0,0.0,-33,44
KC,Field Goal,Kick Attempt Good,155470331802,163648,184,298,601,3468542.0,0.0,1303,0.0,903,903,2694.0,0.0,0,4291
KC,Field Goal,Kick Attempt No Good,14132743134,12576,14,24,89,315322.0,0.0,195,0.0,64,82,323.0,0.0,-58,461
KC,Field Goal,Non-Special Teams Result,2019111007,3980,4,4,7,0.0,0.0,29,-10.0,27,32,0.0,0.0,-10,39
KC,Kickoff,Out of Bounds,10094566944,9674,10,0,0,225230.0,0.0,160,0.0,87,64,115.0,0.0,115,210
KC,Kickoff,Return,181710544149,162344,199,0,0,4054510.0,0.0,3065,84.0,1136,1054,5509.0,1947.0,3646,5525
KC,Kickoff,Touchback,399789903513,392637,480,0,0,8919108.0,0.0,6915,-5.0,2720,2729,14500.0,0.0,7935,12015
KC,Punt,Blocked Punt,2019120811,3030,3,4,19,29926.0,38737.0,35,0.0,7,23,0.0,0.0,-16,75
KC,Punt,Downed,46438417341,63575,70,92,200,802623.0,0.0,767,0.0,400,409,957.0,0.0,957,1295
KC,Punt,Fair Catch,66630572902,76384,86,132,269,1239073.0,0.0,1238,-5.0,473,484,1349.0,0.0,1344,1974
KC,Punt,Muffed,10095557712,14291,17,20,56,172495.0,0.0,139,0.0,77,92,248.0,0.0,245,339
KC,Punt,Non-Special Teams Result,2020110105,738,1,4,4,0.0,0.0,49,0.0,7,3,0.0,0.0,13,59
KC,Punt,Out of Bounds,16158867463,16275,19,32,113,399463.0,0.0,262,0.0,72,115,324.0,0.0,324,458
KC,Punt,Return,84801544238,88397,106,168,399,1554137.0,0.0,1280,15.0,506,521,2015.0,289.0,1746,2650
KC,Punt,Touchback,20192042140,26608,31,40,121,390720.0,0.0,422,0.0,188,139,524.0,0.0,324,580
LA,Extra Point,Blocked Kick Attempt,4040193817,5319,6,0,0,105312.0,83354.0,30,0.0,33,43,0.0,0.0,0,120
LA,Extra Point,Kick Attempt Good,248333186870,260509,303,0,0,5149959.0,0.0,1850,0.0,1721,1792,0.0,0.0,0,7550
LA,Extra Point,Kick Attempt No Good,8076425228,6854,9,0,0,171568.0,0.0,60,0.0,60,49,0.0,0.0,0,310
LA,Field Goal,Blocked Kick Attempt,4039223413,5903,7,8,15,91357.0,89935.0,49,0.0,45,12,0.0,0.0,-16,131
LA,Field Goal,Kick Attempt Good,143344320220,146732,171,281,470,2944912.0,0.0,1215,0.0,756,812,2496.0,0.0,0,4429
LA,Field Goal,Kick Attempt No Good,34321825004,41869,45,65,139,704213.0,0.0,439,0.0,274,237,745.0,0.0,-139,1085
LA,Field Goal,Non-Special Teams Result,2018110409,1183,2,4,4,0.0,0.0,16,0.0,14,14,0.0,0.0,3,26
LA,Kickoff,Muffed,6058293831,6038,7,0,0,115622.0,0.0,105,10.0,19,30,185.0,57.0,111,165
LA,Kickoff,Out of Bounds,10095518530,8143,11,0,0,208385.0,0.0,175,0.0,64,31,111.0,0.0,111,345
LA,Kickoff,Return,141334332182,145069,177,0,0,2997568.0,0.0,2430,35.0,1007,940,4439.0,1799.0,2674,4120
LA,Kickoff,Touchback,393706523349,381487,465,0,0,8194438.0,0.0,6825,-15.0,2416,2548,14235.0,0.0,7785,11685
LA,Punt,Blocked Punt,4039212803,4508,6,8,31,77630.0,94371.0,61,0.0,13,30,0.0,0.0,-29,135
LA,Punt,Downed,58553133374,75516,85,116,241,1125635.0,0.0,1037,-5.0,365,440,1273.0,0.0,1268,1575
LA,Punt,Fair Catch,82797452556,82124,97,164,317,1591415.0,0.0,1412,0.0,430,441,1786.0,0.0,1786,2404
LA,Punt,Muffed,4039221921,5421,6,8,11,77630.0,0.0,66,0.0,35,32,92.0,0.0,97,146
LA,Punt,Non-Special Teams Result,16148895456,16729,19,32,40,0.0,0.0,265,0.0,98,87,0.0,0.0,53,521
LA,Punt,Out of Bounds,70670606937,71187,87,140,276,1358525.0,0.0,1241,-20.0,347,406,1376.0,0.0,1356,1991
LA,Punt,Return,111062759059,126123,146,220,558,2134825.0,0.0,1450,46.0,734,607,2908.0,574.0,2385,3020
LA,Punt,Touchback,22213184997,25206,31,44,99,426965.0,0.0,450,10.0,120,110,612.0,0.0,402,684
LAC,Extra Point,Kick Attempt Good,207970794830,196762,247,0,0,4702764.0,0.0,1550,0.0,1235,1381,0.0,0.0,0,5940
LAC,Extra Point,Kick Attempt No Good,20187028276,16059,20,0,0,426052.0,0.0,150,0.0,114,90,0.0,0.0,0,670
LAC,Field Goal,Blocked Kick Attempt,4039221221,3398,4,6,29,94830.0,88071.0,70,0.0,0,35,0.0,0.0,-68,110
LAC,Field Goal,Kick Attempt Good,135279193692,160161,186,248,546,3055799.0,0.0,1211,0.0,825,824,2419.0,0.0,0,4175
LAC,Field Goal,Kick Attempt No Good,38367023818,43711,52,71,127,858748.0,0.0,544,15.0,220,241,887.0,0.0,-138,1044
LAC,Kickoff,Return,268522935643,280834,351,0,0,5910125.0,0.0,4610,101.0,1835,1691,8142.0,3085.0,5159,8040
LAC,Kickoff,Touchback,218089458541,192983,256,0,0,4649483.0,0.0,3780,-10.0,1112,1309,7817.0,0.0,4310,6420
LAC,Punt,Blocked Punt,8078418547,4149,7,16,38,171457.0,186732.0,105,0.0,30,20,0.0,0.0,-83,277
LAC,Punt,Downed,24229160184,25788,34,48,120,473108.0,0.0,398,8.0,176,162,461.0,0.0,469,670
LAC,Punt,Fair Catch,58549146186,53284,69,116,235,1090491.0,0.0,1136,-5.0,242,329,1216.0,0.0,1211,1820
LAC,Punt,Muffed,10093415118,10414,13,20,52,187953.0,0.0,144,-15.0,59,91,208.0,6.0,152,234
LAC,Punt,Non-Special Teams Result,2020112212,4563,4,4,14,0.0,0.0,28,0.0,34,26,0.0,0.0,-28,82
LAC,Punt,Out of Bounds,26246416874,29194,33,52,95,474508.0,0.0,399,-5.0,148,150,520.0,0.0,515,753
LAC,Punt,Return,181731694877,155559,208,360,835,3586656.0,0.0,2397,98.0,722,915,4413.0,950.0,3561,5501
LAC,Punt,Touchback,16152942769,10258,14,32,54,300846.0,0.0,356,0.0,65,22,390.0,0.0,230,476
LV,Extra Point,Kick Attempt Good,80807066439,88482,105,0,0,1849440.0,0.0,600,20.0,663,627,0.0,0.0,0,2260
LV,Extra Point,Kick Attempt No Good,4040223705,6682,8,0,0,92472.0,0.0,30,0.0,46,46,0.0,0.0,0,50
LV,Field Goal,Kick Attempt Good,62624299057,67775,82,122,212,1433316.0,0.0,431,0.0,373,359,994.0,0.0,0,2327
LV,Field Goal,Kick Attempt No Good,4040202806,2842,4,8,12,92472.0,0.0,45,0.0,13,10,82.0,0.0,-17,121
LV,Field Goal,Non-Special Teams Result,2020121700,3552,4,2,10,0.0,0.0,47,0.0,24,24,0.0,0.0,-7,63
LV,Kickoff,Return,68684532201,62267,81,0,0,1572024.0,0.0,1195,60.0,445,430,2001.0,748.0,1313,1985
LV,Kickoff,Touchback,123231157921,128359,160,0,0,2820396.0,0.0,2135,0.0,887,870,4431.0,0.0,2440,3675
LV,Punt,Downed,12121577638,10098,13,24,44,290010.0,0.0,235,0.0,60,50,290.0,0.0,290,351
LV,Punt,Fair Catch,32322613586,33976,42,64,152,773360.0,0.0,644,7.0,229,172,611.0,0.0,618,994
LV,Punt,Muffed,4041121119,6068,7,8,21,96670.0,0.0,49,0.0,39,45,101.0,19.0,81,171
LV,Punt,Non-Special Teams Result,2020102511,674,1,4,1,0.0,0.0,34,0.0,7,7,0.0,0.0,1,44
LV,Punt,Out of Bounds,10100557312,6794,9,20,42,241675.0,0.0,148,0.0,47,37,219.0,0.0,219,336
LV,Punt,Return,22222097361,17211,24,44,95,531685.0,0.0,346,19.0,129,98,547.0,95.0,473,566
LV,Punt,Touchback,4040243207,5536,7,8,8,96670.0,0.0,95,0.0,29,37,95.0,0.0,55,121
MIA,Extra Point,Kick Attempt Good,177681355869,172565,209,0,0,4074224.0,0.0,1325,35.0,1166,1036,0.0,0.0,0,5075
MIA,Extra Point,Kick Attempt No Good,4037211710,4453,5,0,0,92596.0,0.0,30,0.0,20,48,0.0,0.0,0,120
MIA,Field Goal,Kick Attempt Good,143372579573,171807,194,273,498,3287158.0,0.0,1405,0.0,948,895,2683.0,0.0,0,4615
MIA,Field Goal,Kick Attempt No Good,24230332069,24224,29,42,78,555576.0,0.0,348,0.0,146,129,565.0,0.0,-97,842
MIA,Field Goal,Non-Special Teams Result,4038222107,4220,5,8,2,0.0,0.0,5,0.0,16,27,0.0,0.0,3,215
MIA,Kickoff,Fair Catch,2019121505,4104,4,0,0,46298.0,0.0,35,0.0,36,20,33.0,0.0,33,75
MIA,Kickoff,Kickoff Team Recovery,2019111704,1750,2,0,0,46298.0,0.0,35,0.0,7,16,12.0,0.0,12,75
MIA,Kickoff,Muffed,4039192616,1165,3,0,0,92596.0,0.0,70,0.0,14,0,132.0,16.0,110,120
MIA,Kickoff,Out of Bounds,4038221209,3935,5,0,0,92596.0,0.0,70,0.0,35,19,50.0,0.0,50,120
MIA,Kickoff,Return,119142235021,141686,162,0,0,2728576.0,0.0,2030,69.0,954,838,3137.0,1165.0,2029,3490
MIA,Kickoff,Touchback,333166546755,300050,393,0,0,7639170.0,0.0,5790,-5.0,1789,1835,12009.0,0.0,6580,9900
MIA,Punt,Blocked Punt,2018120906,744,1,4,19,45296.0,36089.0,33,0.0,7,6,0.0,0.0,-15,43
MIA,Punt,Downed,70677618683,71124,85,140,298,1585360.0,0.0,1284,10.0,369,450,1508.0,0.0,1518,2074
MIA,Punt,Fair Catch,125180482915,115683,147,248,518,2808352.0,0.0,2283,29.0,618,516,2606.0,0.0,2635,3871
MIA,Punt,Muffed,8076413925,6463,9,16,20,181184.0,0.0,137,0.0,42,30,167.0,0.0,161,213
MIA,Punt,Non-Special Teams Result,12115671433,9240,12,24,16,0.0,0.0,245,0.0,66,45,0.0,0.0,46,395
MIA,Punt,Out of Bounds,36342823094,34486,43,72,222,815328.0,0.0,635,14.0,182,180,658.0,0.0,672,1093
MIA,Punt,Return,169595045196,157973,203,336,862,3804864.0,0.0,2220,101.0,855,820,4215.0,903.0,3416,4960
MIA,Punt,Touchback,20187033847,18022,24,40,87,452960.0,0.0,412,18.0,110,84,492.0,0.0,310,612
MIN,Extra Point,Blocked Kick Attempt,2019091503,2681,3,0,0,38134.0,46724.0,30,0.0,21,16,0.0,0.0,0,40
MIN,Extra Point,Kick Attempt Good,199890396519,191076,237,0,0,3799572.0,0.0,1485,50.0,1389,1258,0.0,0.0,0,5755
MIN,Extra Point,Kick Attempt No Good,14135806840,12740,16,0,0,266938.0,0.0,105,0.0,95,84,0.0,0.0,0,455
MIN,Extra Point,Non-Special Teams Result,2020111600,3186,4,0,0,0.0,0.0,15,0.0,13,19,0.0,0.0,0,95
MIN,Field Goal,Blocked Kick Attempt,2018121000,3312,4,4,9,38134.0,38577.0,29,0.0,6,0,0.0,0.0,-8,81
MIN,Field Goal,Kick Attempt Good,119120349214,133246,158,224,475,2249906.0,0.0,1022,0.0,675,692,2089.0,0.0,0,3082
MIN,Field Goal,Kick Attempt No Good,30281552791,31585,39,55,152,596316.0,0.0,406,0.0,201,180,677.0,0.0,-123,728
MIN,Kickoff,Muffed,2020092003,1621,2,0,0,34723.0,0.0,20,0.0,9,3,51.0,3.0,48,30
MIN,Kickoff,Out of Bounds,4036195118,7376,8,0,0,76268.0,0.0,70,0.0,26,57,38.0,0.0,38,90
MIN,Kickoff,Return,167584702108,179663,216,0,0,3166402.0,0.0,2910,47.0,1102,1177,4755.0,1859.0,2900,4900
MIN,Kickoff,Touchback,308938090322,277211,367,0,0,5866910.0,0.0,5375,0.0,1950,1752,10941.0,0.0,6100,9355
MIN,Punt,Blocked Punt,6058313212,6560,8,12,28,112353.0,135421.0,90,-2.0,61,23,0.0,0.0,-66,136
MIN,Punt,Downed,42399262827,40732,53,84,165,794655.0,0.0,731,-13.0,185,271,916.0,0.0,903,1237
MIN,Punt,Fair Catch,90853912389,74394,96,180,341,1701663.0,0.0,1552,-4.0,411,382,1910.0,0.0,1906,2818
MIN,Punt,Muffed,14130795131,10524,15,28,55,275797.0,0.0,224,0.0,75,54,330.0,0.0,325,318
MIN,Punt,Out of Bounds,30279639791,29468,37,60,164,586317.0,0.0,400,-10.0,151,213,645.0,0.0,634,860
MIN,Punt,Return,133263978704,136158,172,264,598,2479950.0,0.0,1882,115.0,850,633,3193.0,531.0,2763,4030
MIN,Punt,Touchback,10096527713,11968,15,20,43,189983.0,0.0,210,0.0,51,76,242.0,0.0,142,312
NE,Extra Point,Kick Attempt Good,216030980088,213334,263,0,0,3357940.0,0.0,1610,30.0,1477,1205,0.0,0.0,0,6730
NE,Extra Point,Kick Attempt No Good,20193036759,16713,21,0,0,319867.0,0.0,155,0.0,85,116,0.0,0.0,0,675
NE,Field Goal,Blocked Kick Attempt,4038223522,2992,3,8,9,62245.0,90944.0,34,0.0,24,10,0.0,0.0,-24,132
NE,Field Goal,Kick Attempt Good,155468291415,169891,202,302,518,2438444.0,0.0,1250,0.0,938,673,2644.0,0.0,0,4484
NE,Field Goal,Kick Attempt No Good,22206158785,22033,26,44,89,342453.0,0.0,315,0.0,133,107,513.0,0.0,-88,781
NE,Kickoff,Fair Catch,2018123006,572,1,0,0,30932.0,0.0,35,0.0,7,0,43.0,0.0,43,45
NE,Kickoff,Muffed,10095580145,5771,9,0,0,207141.0,0.0,175,0.0,48,13,260.0,43.0,205,285
NE,Kickoff,Out of Bounds,6057344323,6960,7,0,0,143838.0,0.0,105,0.0,48,35,70.0,0.0,70,195
NE,Kickoff,Return,199886405660,201375,253,0,0,3934299.0,0.0,3470,37.0,1300,1165,6033.0,2264.0,3806,5850
NE,Kickoff,Touchback,300842490941,278597,358,0,0,5969988.0,0.0,5245,-10.0,1776,1421,10620.0,0.0,5920,8725
NE,Punt,Downed,78745222659,81371,99,156,246,1757259.0,0.0,1431,-5.0,458,351,1730.0,0.0,1725,2369
NE,Punt,Fair Catch,82793021270,72437,91,164,264,1905714.0,0.0,1525,6.0,435,286,1730.0,0.0,1736,2519
NE,Punt,Muffed,12114660831,10091,12,24,41,280167.0,0.0,187,-5.0,47,53,256.0,12.0,237,325
NE,Punt,Out of Bounds,58547119178,60516,69,116,254,1315344.0,0.0,914,-5.0,265,330,1227.0,0.0,1222,1894
NE,Punt,Return,115076093622,121613,146,228,473,2552706.0,0.0,1596,55.0,617,644,2915.0,467.0,2488,3266
NE,Punt,Touchback,32307555415,36460,41,64,120,729591.0,0.0,630,0.0,214,148,848.0,0.0,528,962
NO,Extra Point,Kick Attempt Good,290753349680,314831,373,0,0,6291216.0,0.0,2200,35.0,2166,2324,0.0,0.0,0,8690
NO,Extra Point,Kick Attempt No Good,4039111101,1703,3,0,0,87378.0,0.0,30,0.0,13,13,0.0,0.0,0,190
NO,Field Goal,Blocked Kick Attempt,2018122313,3883,4,4,11,43689.0,38883.0,32,0.0,24,28,0.0,0.0,-5,78
NO,Field Goal,Kick Attempt Good,155468879345,167684,200,287,580,3364053.0,0.0,1426,0.0,812,962,2821.0,0.0,0,5000
NO,Field Goal,Kick Attempt No Good,16157881152,12744,16,29,63,349512.0,0.0,223,0.0,46,56,367.0,0.0,-67,439
NO,Kickoff,Muffed,4040193815,5468,6,0,0,78304.0,0.0,85,0.0,52,34,70.0,6.0,59,135
NO,Kickoff,Out of Bounds,2020092713,4067,4,0,0,43689.0,0.0,35,0.0,30,37,8.0,0.0,8,45
NO,Kickoff,Return,161511400140,162752,198,0,0,3467898.0,0.0,2815,42.0,1046,1185,4960.0,1799.0,3203,4905
NO,Kickoff,Touchback,417965872768,405362,512,0,0,9043623.0,0.0,7250,-15.0,2706,2829,15060.0,0.0,8260,12280
NO,Punt,Downed,28269538480,32469,39,56,108,484610.0,0.0,475,0.0,117,220,603.0,0.0,603,881
NO,Punt,Fair Catch,123181141985,129992,159,244,501,2111515.0,0.0,2206,-20.0,664,691,2539.0,0.0,2519,3522
NO,Punt,Muffed,6059335425,5253,7,12,23,103845.0,0.0,94,0.0,30,20,137.0,0.0,136,180
NO,Punt,Non-Special Teams Result,8074438128,7894,9,16,28,0.0,0.0,150,0.0,68,66,0.0,0.0,14,214
NO,Punt,Out of Bounds,42399277107,39077,49,84,190,726915.0,0.0,691,-15.0,203,245,947.0,0.0,932,1205
NO,Punt,Return,102981409448,108863,123,204,453,1765365.0,0.0,1414,23.0,561,700,2515.0,260.0,2278,2626
NO,Punt,Touchback,12113660325,9205,14,24,50,207690.0,0.0,264,10.0,76,41,300.0,0.0,190,336
NYG,Extra Point,Kick Attempt Good,159498474919,159583,193,0,0,3311993.0,0.0,1185,5.0,985,1051,0.0,0.0,0,4985
NYG,Extra Point,Kick Attempt No Good,14135697438,14774,18,0,0,289889.0,0.0,115,0.0,91,102,0.0,0.0,0,395
NYG,Extra Point,Non-Special Teams Result,2019111005,1533,2,0,0,0.0,0.0,15,0.0,14,13,0.0,0.0,0,25
NYG,Field Goal,Kick Attempt Good,137299168540,147396,176,262,552,2731501.0,0.0,1258,15.0,650,712,2487.0,0.0,0,3732
NYG,Field Goal,Kick Attempt No Good,12114642121,14345,15,21,37,254787.0,0.0,176,0.0,65,97,284.0,0.0,-48,320
NYG,Field Goal,Non-Special Teams Result,2020122009,247,1,4,5,0.0,0.0,8,0.0,0,0,0.0,0.0,0,102
NYG,Kickoff,Kickoff Team Recovery,2018091613,3464,4,0,0,43937.0,0.0,35,0.0,20,10,11.0,0.0,12,45
NYG,Kickoff,Muffed,10093548535,4972,9,0,0,219685.0,0.0,175,0.0,25,43,305.0,18.0,274,315
NYG,Kickoff,Out of Bounds,10092518619,13969,16,0,0,219685.0,0.0,175,0.0,84,66,116.0,0.0,116,345
NYG,Kickoff,Return,177699303025,163858,211,0,0,3494546.0,0.0,3065,69.0,949,947,5095.0,1819.0,3345,5415
NYG,Kickoff,Touchback,264483855491,252048,318,0,0,5490697.0,0.0,4605,-5.0,1451,1644,9428.0,0.0,5215,7645
NYG,Punt,Blocked Punt,6058343820,5957,7,12,28,130551.0,128317.0,58,0.0,24,35,0.0,0.0,-41,166
NYG,Punt,Downed,88840836974,84246,107,176,371,1914748.0,0.0,1624,-18.0,408,433,1836.0,0.0,1818,2498
NYG,Punt,Fair Catch,94899911856,81404,110,188,413,2045299.0,0.0,1761,5.0,416,357,1948.0,0.0,1953,2981
NYG,Punt,Muffed,10094517226,6714,9,20,46,217585.0,0.0,172,0.0,20,46,208.0,2.0,197,222
NYG,Punt,Non-Special Teams Result,2018121608,2193,2,4,10,0.0,0.0,41,0.0,0,7,0.0,0.0,14,69
NYG,Punt,Out of Bounds,40375184832,47498,58,80,119,870340.0,0.0,581,2.0,207,238,894.0,0.0,896,1267
NYG,Punt,Return,139318355540,143583,179,276,786,3002673.0,0.0,1694,70.0,710,897,3420.0,541.0,2957,4164
NYG,Punt,Touchback,24233045476,26401,31,48,94,522204.0,0.0,538,-5.0,150,135,634.0,0.0,389,724
NYJ,Extra Point,Blocked Kick Attempt,2020122704,1103,2,0,0,44240.0,39959.0,15,0.0,13,3,0.0,0.0,0,95
NYJ,Extra Point,Kick Attempt Good,135267164927,137504,166,0,0,2865738.0,0.0,1020,25.0,962,818,0.0,0.0,0,3640
NYJ,Extra Point,Kick Attempt No Good,20191124152,16471,22,0,0,433292.0,0.0,150,0.0,121,106,0.0,0.0,0,670
NYJ,Field Goal,Blocked Kick Attempt,4040232809,4674,5,6,17,86352.0,86152.0,61,0.0,41,12,0.0,0.0,-49,117
NYJ,Field Goal,Kick Attempt Good,141325620521,156317,180,269,557,2978631.0,0.0,1507,0.0,841,816,2766.0,0.0,0,4011
NYJ,Field Goal,Kick Attempt No Good,28269571290,24563,29,53,128,603868.0,0.0,362,0.0,121,76,613.0,0.0,-112,824
NYJ,Kickoff,Muffed,2019120102,342,1,0,0,44240.0,0.0,35,0.0,0,3,56.0,16.0,36,75
NYJ,Kickoff,Out of Bounds,2020122704,4347,4,0,0,44240.0,0.0,35,0.0,23,16,25.0,0.0,25,75
NYJ,Kickoff,Return,167591859376,164722,205,0,0,3706319.0,0.0,2845,56.0,1057,852,4967.0,1766.0,3254,4935
NYJ,Kickoff,Touchback,252361418520,245923,312,0,0,5486489.0,0.0,4415,0.0,1693,1425,8954.0,0.0,4960,7715
NYJ,Punt,Downed,70667755488,83367,99,140,301,1595940.0,0.0,998,-5.0,465,380,1500.0,0.0,1495,1840
NYJ,Punt,Fair Catch,96922191824,108515,131,192,381,2270652.0,0.0,1620,-15.0,629,460,1960.0,0.0,1945,2960
NYJ,Punt,Muffed,16151833338,25695,29,32,109,357267.0,0.0,252,3.0,170,74,385.0,7.0,372,482
NYJ,Punt,Non-Special Teams Result,2018122309,4114,4,4,1,0.0,0.0,31,0.0,35,30,0.0,0.0,4,41
NYJ,Punt,Out of Bounds,52493734539,44431,59,104,190,1195149.0,0.0,812,5.0,255,260,1065.0,0.0,1070,1478
NYJ,Punt,Return,224122354558,201197,255,444,1114,5157864.0,0.0,2835,113.0,1141,824,5413.0,1043.0,4483,6647
NYJ,Punt,Touchback,26248411290,33452,40,52,126,611187.0,0.0,557,-25.0,163,145,635.0,0.0,350,775
OAK,Extra Point,Blocked Kick Attempt,4037211716,5403,6,0,0,76110.0,86786.0,30,0.0,38,21,0.0,0.0,0,50
OAK,Extra Point,Kick Attempt Good,115062076744,103225,130,0,0,2572139.0,0.0,855,20.0,764,647,0.0,0.0,0,3665
OAK,Extra Point,Kick Attempt No Good,2019110700,3981,4,0,0,46236.0,0.0,15,0.0,26,24,0.0,0.0,0,25
OAK,Field Goal,Kick Attempt Good,88815782381,101946,121,165,303,1938347.0,0.0,773,0.0,555,461,1580.0,0.0,0,2713
OAK,Field Goal,Kick Attempt No Good,22206195370,22863,29,44,86,509877.0,0.0,316,0.0,170,74,517.0,0.0,-91,692
OAK,Kickoff,Muffed,2018101407,3381,4,0,0,46663.0,0.0,35,0.0,3,27,60.0,9.0,51,45
OAK,Kickoff,Out of Bounds,2018122400,2013,2,0,0,46236.0,0.0,35,0.0,17,0,25.0,0.0,25,45
OAK,Kickoff,Return,147354958448,133853,175,0,0,3248175.0,0.0,2555,41.0,915,754,4402.0,1603.0,2840,4155
OAK,Kickoff,Touchback,135251103917,133306,167,0,0,3000921.0,0.0,2365,0.0,882,729,4834.0,0.0,2660,4195
OAK,Punt,Downed,36334008899,38668,48,72,161,849100.0,0.0,657,5.0,269,161,714.0,0.0,719,1109
OAK,Punt,Fair Catch,82761560720,100578,115,164,360,1935689.0,0.0,1604,-21.0,677,463,1709.0,0.0,1688,2380
OAK,Punt,Muffed,4038185110,5459,7,8,18,96670.0,0.0,69,8.0,31,31,109.0,1.0,113,151
OAK,Punt,Non-Special Teams Result,4037221416,2481,4,8,7,0.0,0.0,75,0.0,17,14,0.0,0.0,69,119
OAK,Punt,Out of Bounds,16147803156,9172,15,32,54,376215.0,0.0,243,0.0,48,29,286.0,0.0,286,437
OAK,Punt,Return,111022823927,94876,117,220,479,2599821.0,0.0,1545,89.0,516,480,2683.0,552.0,2220,3115
OAK,Punt,Touchback,22205189872,27480,32,44,87,521220.0,0.0,473,0.0,180,146,519.0,0.0,299,639
PHI,Extra Point,Kick Attempt Good,163541574855,178731,210,0,0,3642246.0,0.0,1220,15.0,1026,1107,0.0,0.0,0,4960
PHI,Extra Point,Kick Attempt No Good,10095579533,13755,16,0,0,224830.0,0.0,75,0.0,74,69,0.0,0.0,0,405
PHI,Extra Point,Non-Special Teams Result,2020122011,3766,3,0,0,0.0,0.0,15,0.0,26,26,0.0,0.0,0,25
PHI,Field Goal,Kick Attempt Good,109014879178,106399,132,215,379,2428164.0,0.0,977,0.0,474,497,1949.0,0.0,0,3291
PHI,Field Goal,Kick Attempt No Good,24227318385,30013,31,38,108,539592.0,0.0,358,0.0,161,161,575.0,0.0,-105,608
PHI,Field Goal,Non-Special Teams Result,2019101306,2205,2,4,4,0.0,0.0,21,0.0,24,10,0.0,0.0,0,89
PHI,Kickoff,Muffed,2019110305,4067,4,0,0,44966.0,0.0,35,0.0,22,14,41.0,0.0,39,75
PHI,Kickoff,Return,163551853579,172180,210,0,0,3643520.0,0.0,2795,2.0,999,925,4733.0,1749.0,3001,4975
PHI,Kickoff,Touchback,302853781267,284270,361,0,0,6744900.0,0.0,5265,-25.0,1595,1721,10963.0,0.0,5960,8625
PHI,Punt,Blocked Punt,2020122011,989,1,4,19,45603.0,46674.0,42,0.0,9,0,0.0,0.0,-36,52
PHI,Punt,Downed,36344014710,32428,41,72,131,820854.0,0.0,685,13.0,107,151,865.0,0.0,878,985
PHI,Punt,Fair Catch,90855758308,100366,120,180,366,2052135.0,0.0,1750,10.0,574,486,1858.0,0.0,1868,2748
PHI,Punt,Muffed,6059202717,6556,8,12,27,136809.0,0.0,74,0.0,17,51,143.0,-1.0,142,212
PHI,Punt,Out of Bounds,28272420815,29644,37,56,159,638442.0,0.0,488,0.0,148,150,567.0,0.0,567,774
PHI,Punt,Return,187785969028,175411,217,372,957,4239805.0,0.0,2503,64.0,907,864,4587.0,630.0,4021,5977
PHI,Punt,Touchback,32304580693,32688,39,64,107,729648.0,0.0,692,10.0,164,163,822.0,0.0,512,886
PIT,Extra Point,Blocked Kick Attempt,2020110810,2957,4,0,0,41953.0,38611.0,15,0.0,19,15,0.0,0.0,0,25
PIT,Extra Point,Kick Attempt Good,218056548738,229707,272,0,0,4573890.0,0.0,1625,30.0,1576,1311,0.0,0.0,0,6695
PIT,Extra Point,Kick Attempt No Good,14132717522,8865,12,0,0,293671.0,0.0,105,0.0,61,62,0.0,0.0,0,385
PIT,Field Goal,Blocked Kick Attempt,2018112509,404,1,4,10,41953.0,43387.0,30,0.0,0,0,0.0,0.0,-8,40
PIT,Field Goal,Kick Attempt Good,125193387277,134300,162,243,427,2640720.0,0.0,1093,0.0,586,599,2211.0,0.0,0,3561
PIT,Field Goal,Kick Attempt No Good,14128760937,19450,21,25,57,293671.0,0.0,172,0.0,99,100,298.0,0.0,-56,456
PIT,Kickoff,Muffed,6058344831,5494,6,0,0,125859.0,0.0,105,0.0,27,37,169.0,4.0,161,165
PIT,Kickoff,Out of Bounds,2020091400,2960,4,0,0,41953.0,0.0,35,0.0,10,19,25.0,0.0,25,45
PIT,Kickoff,Return,236247003502,212860,278,0,0,5017745.0,0.0,4100,108.0,1319,1082,7116.0,2535.0,4668,6820
PIT,Kickoff,Touchback,248344174745,267779,321,0,0,5166595.0,0.0,4315,0.0,1764,1483,8918.0,0.0,4910,7595
PIT,Punt,Downed,58548125452,72142,81,116,237,1202843.0,0.0,998,0.0,452,281,1242.0,0.0,1242,1868
PIT,Punt,Fair Catch,143356689708,152967,184,284,551,2943608.0,0.0,2618,-33.0,727,716,2911.0,0.0,2878,4110
PIT,Punt,Muffed,2020121313,2815,3,4,4,42333.0,0.0,31,0.0,23,7,46.0,0.0,46,79
PIT,Punt,Non-Special Teams Result,6056366023,10555,12,12,21,0.0,0.0,101,0.0,53,58,0.0,0.0,-23,167
PIT,Punt,Out of Bounds,34324912609,25768,35,68,113,719661.0,0.0,531,10.0,153,118,654.0,0.0,664,1031
PIT,Punt,Return,145389510138,117557,155,288,603,2948720.0,0.0,1939,53.0,615,536,3583.0,642.0,2873,4223
PIT,Punt,Touchback,26249385973,33528,36,52,129,525515.0,0.0,556,0.0,206,145,702.0,0.0,442,784
SEA,Extra Point,Kick Attempt Good,242290689302,268042,317,0,0,4243644.0,0.0,1800,15.0,1722,1640,0.0,0.0,0,6780
SEA,Extra Point,Kick Attempt No Good,22212169591,17442,22,0,0,405378.0,0.0,170,0.0,148,86,0.0,0.0,0,630
SEA,Field Goal,Kick Attempt Good,121148463712,149234,167,226,528,2153520.0,0.0,1204,0.0,798,732,2287.0,0.0,0,3784
SEA,Field Goal,Kick Attempt No Good,16148831161,14840,16,31,63,266004.0,0.0,226,0.0,82,90,370.0,0.0,-64,338
SEA,Kickoff,Fair Catch,2019092211,3217,4,0,0,41175.0,0.0,35,0.0,14,27,43.0,0.0,43,75
SEA,Kickoff,Muffed,8076428045,6654,8,0,0,148851.0,0.0,140,0.0,48,42,229.0,11.0,208,240
SEA,Kickoff,Out of Bounds,2018122314,3083,3,0,0,46218.0,0.0,35,0.0,24,17,25.0,0.0,25,45
SEA,Kickoff,Return,203932944879,209674,261,0,0,3717786.0,0.0,3535,71.0,1445,1155,5934.0,2240.0,3745,6255
SEA,Kickoff,Touchback,292788182649,289601,359,0,0,5399811.0,0.0,5075,0.0,1683,1898,10571.0,0.0,5800,8655
SEA,Punt,Blocked Punt,2018123015,3202,3,4,5,46218.0,45300.0,25,0.0,21,13,0.0,0.0,-25,85
SEA,Punt,Downed,54511976213,53166,62,108,254,1247886.0,0.0,1017,17.0,279,325,1111.0,0.0,1128,1663
SEA,Punt,Fair Catch,76728995862,65756,85,152,307,1756284.0,0.0,1409,10.0,341,358,1592.0,0.0,1602,2303
SEA,Punt,Muffed,8075436551,8108,10,16,54,184872.0,0.0,84,-15.0,34,50,220.0,19.0,181,316
SEA,Punt,Non-Special Teams Result,4037223004,6892,8,8,11,0.0,0.0,35,0.0,48,52,0.0,0.0,38,149
SEA,Punt,Out of Bounds,48450558450,44082,56,96,217,1109232.0,0.0,754,10.0,207,248,1021.0,0.0,1031,1702
SEA,Punt,Return,173640866308,166991,207,344,846,3974748.0,0.0,2351,73.0,891,891,4400.0,659.0,3805,4931
SEA,Punt,Touchback,30287606441,42913,48,60,102,693270.0,0.0,632,10.0,216,226,864.0,0.0,574,914
SF,Extra Point,Blocked Kick Attempt,2020102510,1330,2,0,0,30403.0,38707.0,15,0.0,3,16,0.0,0.0,0,95
SF,Extra Point,Kick Attempt Good,191824967040,185243,222,0,0,2994999.0,0.0,1412,30.0,1301,1328,0.0,0.0,0,6082
SF,Extra Point,Kick Attempt No Good,8075448925,11458,13,0,0,121612.0,0.0,60,0.0,73,52,0.0,0.0,0,170
SF,Extra Point,Non-Special Teams Result,6057296124,5189,7,0,0,0.0,0.0,45,0.0,42,32,0.0,0.0,0,145
SF,Field Goal,Blocked Kick Attempt,4038220800,4974,5,8,5,60806.0,91500.0,47,0.0,45,17,0.0,0.0,-39,173
SF,Field Goal,Kick Attempt Good,145366440150,171322,195,272,522,2294832.0,0.0,1273,0.0,882,900,2571.0,0.0,0,4251
SF,Field Goal,Kick Attempt No Good,22213138553,25748,29,41,101,334433.0,0.0,324,0.0,96,125,523.0,0.0,-77,706
SF,Kickoff,Muffed,4037224318,5331,6,0,0,90401.0,0.0,70,0.0,37,26,131.0,4.0,106,90
SF,Kickoff,Out of Bounds,2019122915,3197,4,0,0,47893.0,0.0,35,0.0,14,26,25.0,0.0,25,45
SF,Kickoff,Return,209996033738,207408,254,0,0,4577772.0,0.0,3625,58.0,1392,1257,6139.0,2323.0,3836,6285
SF,Kickoff,Touchback,278637347626,280753,346,0,0,6338346.0,0.0,4860,0.0,1753,1776,9935.0,0.0,5490,8160
SF,Punt,Blocked Punt,2018102111,1086,2,4,19,42508.0,43797.0,16,0.0,0,10,0.0,0.0,-16,94
SF,Punt,Downed,34324831287,39625,46,68,173,792641.0,0.0,557,-32.0,209,188,724.0,0.0,692,1009
SF,Punt,Fair Catch,127204652307,116581,144,252,577,2871864.0,0.0,2000,5.0,658,629,2775.0,0.0,2780,3856
SF,Punt,Muffed,10096560444,5240,7,20,56,234080.0,0.0,173,0.0,45,34,239.0,-5.0,242,275
SF,Punt,Out of Bounds,32302674109,37858,43,64,159,728593.0,0.0,559,0.0,198,184,664.0,0.0,664,1039
SF,Punt,Return,121149288821,122642,148,240,650,2765880.0,0.0,1636,98.0,725,615,2789.0,487.0,2412,3202
SF,Punt,Touchback,22211194065,20956,27,44,62,505283.0,0.0,469,0.0,82,130,589.0,0.0,369,671
TB,Extra Point,Blocked Kick Attempt,8078408820,7525,9,0,0,165270.0,193819.0,60,0.0,42,77,0.0,0.0,0,240
TB,Extra Point,Kick Attempt Good,254417012326,280805,318,0,0,5219796.0,0.0,1887,60.0,2057,2189,0.0,0.0,0,6873
TB,Extra Point,Kick Attempt No Good,20190081434,13206,19,0,0,414849.0,0.0,150,0.0,92,105,0.0,0.0,0,810
TB,Extra Point,Non-Special Teams Result,2018121601,1136,2,0,0,0.0,0.0,15,0.0,0,6,0.0,0.0,0,95
TB,Field Goal,Blocked Kick Attempt,4039213410,2071,3,8,29,82635.0,82444.0,72,0.0,14,17,0.0,0.0,-22,148
TB,Field Goal,Kick Attempt Good,139329087651,166671,187,272,481,2853870.0,0.0,1245,0.0,960,1022,2494.0,0.0,0,4315
TB,Field Goal,Kick Attempt No Good,28263574204,37626,41,52,134,607908.0,0.0,359,0.0,201,280,611.0,0.0,-112,961
TB,Kickoff,Muffed,8075456027,6203,9,0,0,168998.0,0.0,140,0.0,34,40,241.0,42.0,182,210
TB,Kickoff,Out of Bounds,4039211414,7541,8,0,0,90436.0,0.0,70,0.0,34,62,39.0,0.0,39,120
TB,Kickoff,Return,109015720963,117958,137,0,0,2265146.0,0.0,1860,32.0,832,794,3334.0,1329.0,2037,3240
TB,Kickoff,Touchback,448281047429,470909,561,0,0,9400464.0,0.0,7845,0.0,3292,3593,16354.0,0.0,8805,13395
TB,Punt,Blocked Punt,2018120907,2649,3,4,3,38600.0,45244.0,41,0.0,14,3,0.0,0.0,-11,51
TB,Punt,Downed,42400217683,40380,49,84,250,865312.0,0.0,689,0.0,270,207,821.0,0.0,821,1235
TB,Punt,Fair Catch,92876923258,89839,109,184,379,1892840.0,0.0,1729,7.0,581,539,1863.0,0.0,1870,2893
TB,Punt,Muffed,16150810430,11759,15,32,65,328340.0,0.0,298,0.0,86,64,350.0,16.0,329,510
TB,Punt,Non-Special Teams Result,2018110402,1544,2,4,9,0.0,0.0,26,0.0,28,7,0.0,0.0,0,84
TB,Punt,Out of Bounds,26253381491,27126,32,52,115,540880.0,0.0,494,6.0,176,159,554.0,0.0,560,704
TB,Punt,Return,131240028855,133519,161,260,648,2669228.0,0.0,1712,80.0,796,849,3161.0,663.0,2549,3578
TB,Punt,Touchback,18169965259,14165,19,36,73,366940.0,0.0,399,-10.0,85,83,449.0,0.0,259,525
TEN,Extra Point,Blocked Kick Attempt,2018120211,1910,2,0,0,34707.0,42436.0,15,0.0,6,16,0.0,0.0,0,95
TEN,Extra Point,Kick Attempt Good,236259453380,255054,310,0,0,4207268.0,0.0,1755,5.0,1797,1667,0.0,0.0,0,6495
TEN,Extra Point,Kick Attempt No Good,8074455815,6172,9,0,0,145809.0,0.0,60,0.0,48,25,0.0,0.0,0,170
TEN,Extra Point,Non-Special Teams Result,2020110101,3784,4,0,0,0.0,0.0,15,0.0,31,20,0.0,0.0,0,25
TEN,Field Goal,Blocked Kick Attempt,8078415323,7963,10,16,37,138562.0,178052.0,77,0.0,35,24,0.0,0.0,-24,293
TEN,Field Goal,Kick Attempt Good,100952027221,113204,130,184,358,1731525.0,0.0,1058,0.0,610,543,1961.0,0.0,0,3316
TEN,Field Goal,Kick Attempt No Good,32308667582,36164,43,62,132,561798.0,0.0,417,0.0,164,183,705.0,0.0,-130,883
TEN,Field Goal,Non-Special Teams Result,2019102708,3967,4,4,2,0.0,0.0,28,0.0,27,23,0.0,0.0,0,38
TEN,Kickoff,Muffed,4039183517,3131,5,0,0,72923.0,0.0,70,0.0,31,17,129.0,21.0,92,120
TEN,Kickoff,Out of Bounds,4041133025,1488,3,0,0,83588.0,0.0,70,0.0,6,17,50.0,0.0,50,150
TEN,Kickoff,Return,207982980952,208911,258,0,0,3760695.0,0.0,3590,99.0,1503,1246,6076.0,2349.0,3798,6080
TEN,Kickoff,Touchback,272589200238,284801,360,0,0,4863517.0,0.0,4740,-15.0,1785,1838,9749.0,0.0,5370,8070
TEN,Punt,Blocked Punt,4038231411,4462,5,8,29,80148.0,89308.0,52,0.0,17,33,0.0,0.0,-34,120
TEN,Punt,Downed,42399289221,44060,55,84,176,700098.0,0.0,795,0.0,243,201,962.0,0.0,962,1229
TEN,Punt,Fair Catch,90857853144,83355,104,180,442,1527154.0,0.0,1892,6.0,413,509,1796.0,0.0,1802,2684
TEN,Punt,Muffed,2019122210,1610,2,4,19,33338.0,0.0,7,0.0,14,3,43.0,0.0,41,17
TEN,Punt,Non-Special Teams Result,8078447331,4746,6,16,23,0.0,0.0,142,0.0,7,45,0.0,0.0,15,272
TEN,Punt,Out of Bounds,78737106223,82561,101,156,419,1320753.0,0.0,1214,13.0,398,454,1763.0,0.0,1776,2132
TEN,Punt,Return,161515433979,155632,198,320,817,2723106.0,0.0,2076,160.0,840,754,4151.0,727.0,3584,4524
TEN,Punt,Touchback,18172925645,16331,20,36,77,307141.0,0.0,372,0.0,101,42,440.0,0.0,260,548
WAS,Extra Point,Kick Attempt Good,127205532226,124799,152,0,0,2527875.0,0.0,950,0.0,717,802,0.0,0.0,0,3960
WAS,Extra Point,Kick Attempt No Good,8077447716,9678,12,0,0,160500.0,0.0,60,0.0,50,52,0.0,0.0,0,240
WAS,Field Goal,Blocked Kick Attempt,2019120101,2220,2,3,28,40125.0,35743.0,31,0.0,14,12,0.0,0.0,1,79
WAS,Field Goal,Kick Attempt Good,147395833690,169994,199,279,626,2929125.0,0.0,1452,0.0,755,696,2765.0,0.0,0,4452
WAS,Field Goal,Kick Attempt No Good,24232260484,25256,30,46,81,481500.0,0.0,340,0.0,89,106,556.0,0.0,-97,760
WAS,Kickoff,Downed,2019111707,4493,4,0,0,40125.0,0.0,35,0.0,17,34,9.0,0.0,9,75
WAS,Kickoff,Muffed,2020092010,4035,4,0,0,40125.0,0.0,35,0.0,27,15,52.0,0.0,49,75
WAS,Kickoff,Return,90857926840,112863,132,0,0,1805625.0,0.0,1575,11.0,688,648,2456.0,969.0,1498,2805
WAS,Kickoff,Touchback,327109106772,322000,414,0,0,6500250.0,0.0,5690,-15.0,1609,1866,11812.0,0.0,6445,9610
WAS,Punt,Downed,76715191336,71693,89,152,270,1542800.0,0.0,1388,8.0,251,378,1758.0,0.0,1766,2176
WAS,Punt,Fair Catch,133262978953,124796,160,264,625,2679600.0,0.0,2286,-10.0,536,617,2782.0,0.0,2772,3870
WAS,Punt,Muffed,8078428526,5311,7,16,25,162400.0,0.0,90,10.0,24,20,206.0,1.0,217,234
WAS,Punt,Non-Special Teams Result,2018123012,2739,3,4,2,0.0,0.0,33,0.0,0,17,0.0,0.0,7,77
WAS,Punt,Out of Bounds,16149815055,18605,21,32,95,324800.0,0.0,201,0.0,93,106,355.0,0.0,355,523
WAS,Punt,Return,193839034738,178455,223,384,906,3897600.0,0.0,2483,85.0,833,952,4944.0,828.0,4204,5371
WAS,Punt,Touchback,14136780950,15909,18,28,51,284200.0,0.0,244,0.0,112,73,456.0,0.0,316,478
